k,sse,silhouette
2,9012.644725345406,0.8958167182320717
3,5439.304685942379,0.5941879366550106
4,4092.144305254271,0.616212846765192
5,3118.284008901697,0.6165231087744963
6,2472.5745137484537,0.5963168804095496
7,2022.4126705975718,0.5164702399121812
8,1715.8148308150978,0.4859190851421061
9,1445.6303271310012,0.47773236230395444
10,1303.3922373445598,0.4271434215072733
