k,sse,silhouette
2,9012.644725345403,0.8958167182320717
3,5439.30468594238,0.5941879366550106
4,4092.144305254271,0.616212846765192
5,3118.284008901696,0.6165231087744963
6,2472.5745137484537,0.5963168804095496
7,2022.412670597571,0.5164702399121812
8,1742.3695767504694,0.5174591797377505
9,1445.6303271310005,0.47773236230395444
10,1303.3922373445598,0.42714342150727336
