rule_label,customer_count,monetary_observed,avg_monetary,estimated_ltv_total,estimated_ltv_avg,recency_avg,frequency_avg,estimated_ltv_share
High Value,689,5696731.79,8268.11580551524,22752714.157143146,33022.80719469252,17.989840348330915,13.79245283018868,0.7947749952977667
New/Low Activity,1742,1116374.763,640.8580729047072,2170110.6078160494,1245.7580986314865,37.520665901262916,2.121699196326062,0.07580412763991738
Regular,358,496829.66,1387.792346368715,1366710.9479189608,3817.6283461423486,23.787709497206706,6.4916201117318435,0.04774057634195173
At Risk - High Value,117,579090.31,4949.489829059829,1213512.167666366,10371.898868943299,36.666666666666664,3.2051282051282053,0.04238919017263822
Hibernating,1327,596915.84,449.82354182366237,593851.6821239283,447.5144552554094,218.02110022607386,1.5553880934438584,0.02074383146590183
Promising,38,273010.621,7184.490026315789,261640.64260941627,6885.28006866885,177.57894736842104,2.736842105263158,0.009139368563390475
Loyal,27,106771.5,3954.5,192647.66245192775,7135.098609330657,151.37037037037038,8.814814814814815,0.006729374964317728
Potential Loyalist,40,45683.42,1142.0855,76680.76396856534,1917.0190992141336,159.35,5.7,0.0026785355541159694
